GEO.id,GEO.id2,GEO.display-label,GEO.annotation.id,YEAR.id,GOVTAX.id,GOVTAX.display-label,AMOUNT
Geographic identifier code,Id2,Geographic area name,Id,Year,Tax Type,Meaning of Tax Type,"Amount ($1,000)"
0400000US02,02,Alaska,,2015,0112121,General Sales and Gross Receipts Taxes,ECONF$X
0400000US02,02,Alaska,,2015,01121225,Pari-mutuels Sales Tax,ECONF$X
0400000US02,02,Alaska,,2015,01121241,Individual Income Taxes,ECONF$X
0400000US02,02,Alaska,,2015,0112127,Documentarty and Stock Transfer Taxes,ECONF$X
0400000US08,08,Colorado,,2015,011211,Property Taxes,ECONF$X
0400000US09,09,Connecticut,,2015,011211,Property Taxes,ECONF$X
0400000US10,10,Delaware,,2015,011211,Property Taxes,ECONF$X
0400000US10,10,Delaware,,2015,0112121,General Sales and Gross Receipts Taxes,ECONF$X
0400000US11,11,District of Columbia,,2015,01121222,Amusements Sales Tax,ECONF$X
0400000US11,11,District of Columbia,,2015,01121225,Pari-mutuels Sales Tax,ECONF$X
0400000US11,11,District of Columbia,,2015,01121232,Amusements License,ECONF$X
0400000US11,11,District of Columbia,,2015,01121237,Public Utilities License,ECONF$X
0400000US11,11,District of Columbia,,2015,0112128,Severance Taxes,ECONF$X
0400000US12,12,Florida,,2015,01121241,Individual Income Taxes,ECONF$X
0400000US13,13,Georgia,,2015,01121222,Amusements Sales Tax,ECONF$X
0400000US13,13,Georgia,,2015,01121232,Amusements License,ECONF$X
0400000US13,13,Georgia,,2015,01121237,Public Utilities License,ECONF$X
0400000US13,13,Georgia,,2015,0112126,Death and Gift Taxes,ECONF$X
0400000US13,13,Georgia,,2015,0112128,Severance Taxes,ECONF$X
0400000US15,15,Hawaii,,2015,011211,Property Taxes,ECONF$X
0400000US16,16,Idaho,,2015,011211,Property Taxes,ECONF$X
0400000US17,17,Illinois,,2015,0112128,Severance Taxes,ECONF$X
0400000US18,18,Indiana,,2015,0112127,Documentarty and Stock Transfer Taxes,ECONF$X
0400000US19,19,Iowa,,2015,0112128,Severance Taxes,ECONF$X
0400000US22,22,Louisiana,,2015,01121231,Alcoholic Beverages License,ECONF$X
0400000US23,23,Maine,,2015,0112128,Severance Taxes,ECONF$X
0400000US24,24,Maryland,,2015,01121237,Public Utilities License,ECONF$X
0400000US24,24,Maryland,,2015,0112128,Severance Taxes,ECONF$X
0400000US25,25,Massachusetts,,2015,0112128,Severance Taxes,ECONF$X
0400000US30,30,Montana,,2015,0112121,General Sales and Gross Receipts Taxes,ECONF$X
0400000US31,31,Nebraska,,2015,0112129,"Taxes, NEC",ECONF$X
0400000US32,32,Nevada,,2015,01121241,Individual Income Taxes,ECONF$X
0400000US32,32,Nevada,,2015,01121242,Corporations Net Income Taxes,ECONF$X
0400000US33,33,New Hampshire,,2015,0112121,General Sales and Gross Receipts Taxes,ECONF$X
0400000US33,33,New Hampshire,,2015,0112128,Severance Taxes,ECONF$X
0400000US34,34,New Jersey,,2015,0112128,Severance Taxes,ECONF$X
0400000US36,36,New York,,2015,011211,Property Taxes,ECONF$X
0400000US36,36,New York,,2015,0112128,Severance Taxes,ECONF$X
0400000US37,37,North Carolina,,2015,011211,Property Taxes,ECONF$X
0400000US37,37,North Carolina,,2015,01121225,Pari-mutuels Sales Tax,ECONF$X
0400000US39,39,Ohio,,2015,011211,Property Taxes,ECONF$X
0400000US39,39,Ohio,,2015,0112127,Documentarty and Stock Transfer Taxes,ECONF$X
0400000US40,40,Oklahoma,,2015,011211,Property Taxes,ECONF$X
0400000US41,41,Oregon,,2015,0112121,General Sales and Gross Receipts Taxes,ECONF$X
0400000US42,42,Pennsylvania,,2015,0112128,Severance Taxes,ECONF$X
0400000US44,44,Rhode Island,,2015,0112128,Severance Taxes,ECONF$X
0400000US45,45,South Carolina,,2015,0112128,Severance Taxes,ECONF$X
0400000US46,46,South Dakota,,2015,011211,Property Taxes,ECONF$X
0400000US46,46,South Dakota,,2015,01121241,Individual Income Taxes,ECONF$X
0400000US47,47,Tennessee,,2015,011211,Property Taxes,ECONF$X
0400000US48,48,Texas,,2015,011211,Property Taxes,ECONF$X
0400000US48,48,Texas,,2015,01121241,Individual Income Taxes,ECONF$X
0400000US48,48,Texas,,2015,01121242,Corporations Net Income Taxes,ECONF$X
0400000US48,48,Texas,,2015,0112126,Death and Gift Taxes,ECONF$X
0400000US48,48,Texas,,2015,0112127,Documentarty and Stock Transfer Taxes,ECONF$X
0400000US49,49,Utah,,2015,011211,Property Taxes,ECONF$X
0400000US50,50,Vermont,,2015,0112128,Severance Taxes,ECONF$X
0400000US53,53,Washington,,2015,01121241,Individual Income Taxes,ECONF$X
0400000US53,53,Washington,,2015,01121242,Corporations Net Income Taxes,ECONF$X
0400000US56,56,Wyoming,,2015,01121241,Individual Income Taxes,ECONF$X
0400000US56,56,Wyoming,,2015,01121242,Corporations Net Income Taxes,ECONF$X
